{"cameraMode":{"drawMode":0,"name":"Shaded","section":"Shading Mode"},"sceneLighting":false,"audioPlay":false,"sceneViewState":{"m_AlwaysRefresh":false,"showFog":true,"showSkybox":false,"showFlares":true,"showImageEffects":true,"showParticleSystems":true,"showVisualEffectGraphs":true,"m_FxEnabled":true},"in2DMode":false,"pivot":{"x":-0.7956836223602295,"y":2.1459367275238039,"z":11.301461219787598},"rotation":{"x":-0.025463344529271127,"y":-0.3321455717086792,"z":-0.008970588445663453,"w":0.9428492188453674},"size":3.5478343963623049,"orthographic":false}