{"cameraMode":{"drawMode":0,"name":"Shaded","section":"Shading Mode"},"sceneLighting":false,"audioPlay":false,"sceneViewState":{"m_AlwaysRefresh":false,"showFog":true,"showSkybox":false,"showFlares":true,"showImageEffects":true,"showParticleSystems":true,"showVisualEffectGraphs":true,"m_FxEnabled":true},"in2DMode":false,"pivot":{"x":1.0255181789398194,"y":1.171471118927002,"z":-2.079348087310791},"rotation":{"x":0.0047119613736867908,"y":0.9946186542510986,"z":-0.08915561437606812,"w":0.05256068333983421},"size":2.3241631984710695,"orthographic":false}